{
    "Baseline_ARI": 0.40815344740891624,
    "SLC": 0.9999999999987624,
    "Stability_Correlations": {
        "Cortex_L2/3": 0.2314965508256877,
        "Cortex_L4": 0.15161123233876822,
        "Cortex_L5": -0.06780071280808561,
        "Cortex_L6": 0.039952456276437495,
        "Dentate_Gyrus": -0.12855157485144666,
        "Hippocampus_CA1": -0.08811608149018792,
        "Hippocampus_CA3": -0.12521693242398751,
        "Oligodendrocytes": -0.44341769778858353,
        "Striatum": 0.07826242996517059
    },
    "TOI": 0.7213351103011275
}